{
  "n_queries": 10,
  "qids": [
    "in_010",
    "in_065",
    "in_062",
    "ood_001",
    "ood_002",
    "in_002",
    "in_046",
    "in_006",
    "ood_005",
    "ood_003"
  ],
  "bandit": "thompson",
  "baseline_all": {
    "correctness": 1.9,
    "faithfulness": 1.0,
    "evidence_recall_at_k": 0.16666666666666666,
    "total_time_s": 9.358672329992988,
    "total_tokens": 1159.9,
    "k_final": 10.0,
    "reward": 0.8597465835003506
  },
  "rl_all": {
    "correctness": 1.8,
    "faithfulness": 0.9,
    "evidence_recall_at_k": 0.16666666666666666,
    "total_time_s": 4.508030799985863,
    "total_tokens": 1229.9,
    "k_final": 11.5,
    "reward": 1.0241386600007067
  },
  "baseline_in_domain": {
    "correctness": 1.8333333333333333,
    "faithfulness": 1.0,
    "evidence_recall_at_k": 0.16666666666666666,
    "total_time_s": 11.400968883302994,
    "total_tokens": 1094.6666666666667,
    "k_final": 10.0,
    "reward": 0.7577622225015168
  },
  "rl_in_domain": {
    "correctness": 1.6666666666666667,
    "faithfulness": 0.8333333333333334,
    "evidence_recall_at_k": 0.16666666666666666,
    "total_time_s": 4.8515327500062995,
    "total_tokens": 1588.1666666666667,
    "k_final": 15.0,
    "reward": 0.9059136958330183
  }
}