qid,domain,correctness,faithfulness,judge_notes,evidence_recall_at_k,total_time_s,rewrite_s,retrieve_s,hybrid_s,rerank_s,build_prompt_s,gen_s,prompt_tokens,completion_tokens,total_tokens,context_tokens_est,memory_tokens_est,k_final,nq,rerank_enabled,rewrite_enabled,x_bm25,y_dense
in_010,in_domain,1,1,Missing 'Emergency response and preparedness' topic in predicted answer,1,218.06706979999944,16.36425489999965,0.5351877999992212,0.0006766000005882233,0.6135337000005165,2.8100000236008782e-05,185.9864308999995,983,107,1090,520,0,10,3,1,1,0.5,0.5
in_065,in_domain,2,1,Answer correctly uses formula from provided context.,0,214.22204059999967,16.337924400000702,0.9494364999991376,0.0003195000008417992,0.23068530000091414,3.000000106112566e-05,184.0782449999988,1153,63,1216,454,24,10,3,1,1,0.5,0.5
in_062,in_domain,2,1,Answer is fully correct and supported by the provided context.,0,179.58923820000018,18.106078899998465,1.5060664000011457,0.00044410000009520445,0.2361670000009326,3.7799998608534224e-05,146.1276340000004,925,67,992,441,25,10,3,1,1,0.5,0.5
ood_001,out_of_domain,2,1,Answer is correct and uses general knowledge.,,219.29658869999912,13.323422499999651,0.827583100000993,0.0004045999994559679,0.22554350000064005,3.9399999877787195e-05,193.73479919999954,1249,12,1261,450,0,10,3,1,1,0.5,0.5
ood_002,out_of_domain,2,1,Correct calculation of the product of two integers.,,241.58987159999924,12.832097100001192,1.2626076999986253,0.000252800000453135,0.21477989999948477,2.519999907235615e-05,218.78925180000078,1307,12,1319,476,0,10,3,1,1,0.5,0.5
